Variation,error,formatted
Control,0.3777998695206437,37.78%
Test,0.452579707022835,45.26%
