Variation,completions,total_visits,completion_rate
Control,15296,31428,48.66997581774214
Test,18376,33776,54.405495026054005
